job_id,job_title,job_category,profile,education_level,education_speciality,experience_years,languages,language_level,start_date,soft_skills,technical_skills,certifications,platform,score,location
921716,Marketing Coordinator,"['Marketing', 'Real Estate']","['College Student', 'Graduate Student']",Bachelor's,"['Planning', 'Architecture', 'Real Estate Development', 'Management', 'Business']",1.0,[],[],Immediate,"['Organization', 'Creativity', 'Proactivity', 'Positive Attitude', 'Kindness', 'Responsibility', 'Respectfulness', 'Cool-headedness']","['Adobe Creative Cloud', 'Indesign', 'Illustrator', 'Photoshop', 'Microsoft Office Suite']",[],[],,"Princeton, NJ, USA"
1829192,Mental Health Therapist/Counselor,"['Healthcare', 'Mental Health']","['Therapist', 'Counselor', 'Psychologist', 'Social Worker']",Master's,"['Psychology', 'Social Work', 'Counseling', 'Marriage and Family Therapy']",,[],[],ASAP,"['Teamwork', 'Communication', 'Empathy', 'Compassion', 'Interpersonal Skills']","['Psychotherapy', 'Assessment', 'Treatment Planning', 'Case Management', 'Crisis Intervention']","['EMDR Certification', 'LPC', 'LPCC', 'LCSW', 'LMFT']",[],,"Fort Collins, CO, USA"
10998357,Assitant Restaurant Manager,"['Hospitality', 'Management']","['Manager', 'Restaurant Professional']",,[],1.0,[],[],Immediate,"['Teamwork', 'Communication', 'Attention to Detail', 'Leadership', 'Proactivity']",[],[],[],,"Cincinnati, OH, United States"
23221523,Senior Elder Law / Trusts and Estates Associate Attorney,"['Law', 'Legal']","['Attorney', 'Associate Attorney', 'Lawyer']",Juris Doctor (J.D.),['Law'],10.0,[],[],ASAP,"['Communication', 'Client Rapport', 'Analytical', 'Problem-Solving', 'Teamwork', 'Attention to Detail']","['Estate Planning', 'Medicaid Planning', 'Drafting Legal Documents', 'Wills and Trusts', 'Estate Administration', 'Trust Administration', 'Court Proceedings']",['Licensed to Practice Law in New York'],[],,"Lake Success, NY, United States"
35982263,Service Technician,"['Mechanical Engineering', 'HVAC']","['Technician', 'Mechanic']",BUT/DUT,"['Mechanical Engineering', 'HVAC Technology']",5.0,[],[],Immediate,[],"['HVAC Systems', 'Commercial Equipment', 'Industrial Equipment', 'Mechanical License']",['Mechanical License'],[],,"Burlington, IA, United States"
91700727,Economic Development and Planning Intern,"['Economics', 'Urban Planning', 'Transportation']","['Graduate Student', 'Undergraduate Student']",Bachelor's,"['Urban Planning', 'Economics', 'Business', 'Public Administration', 'Geography', 'Sustainability']",,[],[],Immediate,"['Teamwork', 'Communication', 'Attention to Detail', 'Stakeholder Management']","['Microsoft Office Suite', 'Data Analysis Tools']",[],[],,"Raleigh, NC, USA"
103254301,Producer,"['Creative Design', 'Entertainment', 'Production']","['Director', 'Producer', 'Creative', 'Programmer', 'Artist', 'Editor']",Not specified,[],,[],[],Immediate,[],[],[],[],,United States
112576855,Building Engineer,"['Engineering', 'Facilities Management']","['Engineer', 'Technician', 'Maintenance Professional']",High School,"['Building Maintenance', 'HVAC', 'Electrical Engineering', 'Plumbing']",5.0,['English'],['Advanced'],Immediate,"['Communication', 'Teamwork', 'Time Management', 'Leadership', 'Organization']","['Building Systems', 'HVAC', 'Electrical Systems', 'Plumbing', 'Steam Systems', 'Emergency Response']","['CFC Certification', 'Building Maintenance Certification', 'Trade Certifications']",[],,"San Francisco, CA, United States"
1218575,Respiratory Therapist,"['Healthcare', 'Respiratory Care']","['Therapist', 'Technician', 'Instructor']",Bachelor's,"['Respiratory Care', 'Occupational Therapy']",1.0,[],[],ASAP,"['Communication', 'Teamwork', 'Patient Education']","['Respiratory Therapy Equipment Operation', 'Blood Gas Analysis', 'Cardiopulmonary Assessment', 'Bronchopulmonary Drainage', 'Lung Capacity Testing', 'Cardiopulmonary Resuscitation (CPR)']","['RCP - Licensed Respiratory Care Practitioner', 'BCLS - Basic Life Support', 'RRT - Registered Respiratory Therapist', 'RRT-NPS - National Registered Neonatal/Pediatric Respiratory Therapist', 'PALS - Pediatric Advanced Life Support']",[],,"Omaha, NE, United States"
2264355,Worship Leader,"['Music', 'Religion', 'Leadership']","['Musician', 'Leader', 'Disciple']",Not specified,[],,[],[],Immediate,"['Teamwork', 'Communication', 'Leadership', 'Discipleship', 'Commitment', 'Coaching']","['Microsoft Office', 'ProPresenter', 'Photoshop', 'Adobe Premiere', 'Graphic Design', 'Video Editing', 'Social Media Management', 'Office Equipment Operation']",[],"['Google Calendar', 'Planning Center Online', 'Facebook', 'Twitter']",,"Palm Bay, FL, United States"
9615617,Inside Customer Service Associate,"['Customer Service', 'Sales Support']","['Customer Service Representative', 'Sales Support Associate']",Bachelor's,"['Business', 'Marketing', 'Computer Science']",2.0,[],[],Immediate,"['Communication', 'Teamwork', 'Attention to Detail', 'Organization']","['Word Processing Software', 'Spreadsheet Software', 'AutoCAD (preferred)']",[],[],,"Saginaw, MI, United States"
11009123,Project Architect,"['Architecture', 'Design']","['Architect', 'Project Manager']",Bachelor's or Master's,['Architecture'],5.0,[],[],ASAP,"['Leadership', 'Collaboration', 'Communication', 'Self-motivation', 'Time Management']","['Revit', 'AutoCAD', 'Microsoft Office Suite', 'Adobe Creative Suite', '3D Modeling (Rhino, SketchUp, 3ds Max)', 'Code and ADA Analysis', 'Architectural Building Systems']",[],[],,"St Louis, MO, USA"
56482768,Appalachian Highlands Women's Business Center,"['Business Management', 'Entrepreneurship', 'Community Development']","['Manager', 'Entrepreneur', 'Business Developer']",Bachelor's,"['Business', 'Marketing', 'Entrepreneurship', 'Community Development']",,[],[],ASAP,"['Leadership', 'Communication', 'Teamwork', 'Collaboration', 'Customer Service', 'Interpersonal Skills', 'Facilitation', 'Strategic Thinking', 'Fundraising']","['Microsoft Word', 'Outlook', 'Excel', 'Power Point', 'Constant Contact', 'Social Media', 'Graphic Design', 'Project Management', 'Learning Management Systems', 'Customer Relationship Management']",[],[],,"Kingsport, Tennessee, United States"
56924323,Structural Engineer,"['Engineering', 'Construction']",['Engineer'],Bachelor's,"['Civil Engineering', 'Structural Engineering']",,[],[],ASAP,"['Leadership', 'Teamwork', 'Communication', 'Problem-Solving']","['Lpile', 'Risa', 'Ramsteel', 'Enercalc', 'Microsoft Excel', 'Building Design Software']",['Professional Engineer (P.E.) License'],[],,"San Mateo, CA, United States"
69333422,Senior Product Marketing Manager,"['Healthcare', 'Marketing']",['Manager'],Bachelor's,"['Pharmaceutical Marketing', 'Business Administration', 'Marketing']",7.0,[],[],ASAP,"['Communication', 'Teamwork', 'Collaboration', 'Interpersonal Skills', 'Analytical Skills']","['Market Research Analysis', 'Marketing Strategy', 'Product Launch', 'Budget Management']",[],[],,United States
83789755,Osteogenic Loading Coach,"['Healthcare', 'Fitness']","['Coach', 'Trainer', 'Wellness Professional']",Bachelor's,"['Exercise Science', 'Kinesiology', 'Sports Science']",,[],[],Immediate,"['Communication', 'Interpersonal Skills', 'Empathy', 'Compassion', 'Rapport-building', 'Customer Service', 'Teamwork', 'Organization']","['Osteogenic Loading Devices', 'Bio Hack Therapies', 'Red Light Therapy', 'PEMI', 'Compression Therapy', 'Hydromassage', 'Vibration Therapy']","['Certified Personal Trainer (CPT)', 'Certified Strength and Conditioning Specialist (CSCS)']",[],,"Anchorage, AK, United States"
95428182,Administrative Coordinator,"['Business Administration', 'Finance', 'Human Resources']","['Administrative Professional', 'Office Manager', 'Coordinator']",Bachelor's,"['Business Administration', 'Finance', 'Accounting']",,[],[],Immediate,"['Communication', 'Interpersonal Skills', 'Organization', 'Attention to Detail', 'Time Management', 'Multi-tasking']","['QuickBooks', 'Google Suite', 'Donor Database Management', 'HR Processes', 'Payroll Processing']",[],[],,"Cleveland, OH, USA"
103860943,Customer Service / Reservationist,"['Customer Service', 'Transportation']","['Customer Service Representative', 'Reservationist']",Not specified,[],,[],[],Immediate,"['Customer Service', 'Communication', 'Multi-tasking', 'Prioritization', 'Attention to Detail', 'Time Management', 'Confidentiality', 'Critical Thinking', 'Problem Solving', 'Organizational Skills']",[],[],[],,"Providence, RI, United States"
111513530,"Content Writer, Communications","['Communications', 'Writing', 'Media']","['Writer', 'Editor', 'Communications Specialist']",Bachelor's,"['Journalism', 'Communications', 'Public Relations']",,['English'],['Advanced'],Immediate,"['Collaboration', 'Intercultural Competence', 'Relationship Building', 'Honesty and Integrity', 'Deadline Management', 'Creativity', 'Innovation']","['MailChimp', 'WordPress', 'SEO', 'Microsoft Office Suite', 'Social Media Management', 'Photography']",[],[],,"Norristown, PA and Neptune, NJ, United States"
115639136,Controller,"['Accounting', 'Finance', 'Real Estate']","['Accountant', 'Financial Controller', 'Manager']",Bachelor's,"['Accounting', 'Finance']",5.0,[],[],Immediate,"['Communication', 'Team Management', 'Attention to Detail', 'Initiative', 'Self-Direction', 'Organizational Skills', 'Proactivity', 'Resourcefulness']","['Microsoft Word', 'Excel', 'Microsoft Office 365', 'Yardi Property Management Software']",['Certified Public Accounting (CPA)'],[],,"Birmingham, AL, United States"
117675818,Physician Assistant,['Healthcare'],"['Physician Assistant', 'Nurse Practitioner']",Master's,"['Medicine', 'Nursing']",1.0,[],[],ASAP,[],[],[],[],,"Atlanta, GA, United States"
121605673,Licensed Acupuncturist,"['Healthcare', 'Alternative Medicine']","['Acupuncturist', 'Healthcare Professional']",Bachelor's,"['Acupuncture', 'Traditional Chinese Medicine (TCM)']",,[],[],ASAP,"['Communication', 'Teamwork', 'Empathy', 'Compassion', 'Customer Service']","['Acupuncture Techniques', 'Herbal Remedies', 'Holistic Health Education', 'Retail Management']",['Ohio Acupuncture License'],[],,"Maumee, OH, United States"
133130219,Software Engineer,"['Software Development', 'Engineering']",['Engineer'],Bachelor's,"['Software', 'Mathematics', 'Science']",,[],[],ASAP,"['Analytical Skills', 'Teamwork', 'Communication', 'Understanding of Different Roles']",[],[],[],,"Los Angeles, California, USA"
134286190,Sheet Metal Fabricator,"['Manufacturing', 'Construction']","['Fabricator', 'Welder', 'Metalworker']",High School Diploma or Equivalent,[],,[],[],Immediate,"['Teamwork', 'Customer Service', 'Organization', 'Confidentiality', 'Telephone Etiquette']","['Welding', 'Soldering', 'Metal Fabrication', 'Microsoft Word', 'Microsoft Excel', 'Spreadsheets', 'Office Equipment']",[],[],,"Mineral Wells, TX, USA"
136743465,Personal Injury Attorney,"['Law', 'Legal Services']","['Attorney', 'Lawyer']",Juris Doctor (JD),"['Law', 'Legal Studies']",,[],[],Immediate,"['Client Communication', 'Teamwork', 'Positivity', 'Adaptability', 'Integrity', 'Community Engagement', 'Professionalism']",[],['Licensed Florida Attorney'],[],,"Stuart, Florida, USA"
141969940,NPE 2024 Exhibition Event Worker,"['Event Management', 'Marketing']","['Event Staff', 'Promoter']",High School Diploma,[],0.0,"['English', 'Mandarin']","['Advanced', 'Intermediate']",2024-05-06,"['Communication', 'Customer Engagement', 'Teamwork']",[],[],[],,"Orlando, FL, USA"
175485704,Software Engineer,"['Software Development', 'Information Technology']","['Software Developer', 'Engineer']",Bachelor's,"['Computer Science', 'Software Engineering', 'Information Technology']",,[],[],ASAP,"['Communication', 'Collaboration', 'Passion for Learning', 'Teamwork']","['PHP', 'HTML', 'CSS', 'JavaScript', 'MySQL', 'Object-Oriented Programming (OOP)']",[],[],,"Denver, CO, USA"
196406165,Loan Coordinator,"['Finance', 'Mortgage']","['Processor', 'Coordinator']",Bachelor's,"['Finance', 'Business Administration', 'Economics']",5.0,[],[],ASAP,"['Communication', 'Teamwork', 'Attention to Detail', 'Organization']","['Microsoft Word', 'Excel', 'Outlook']",[],[],,"Morristown, New Jersey, United States"
227832999,General Laborer,"['Property Management', 'Real Estate']","['Laborer', 'Maintenance Worker', 'Handyman']",High School Diploma,[],1.0,[],[],Immediate,"['Positive Attitude', 'Teamwork', 'Communication', 'Interpersonal Skills', 'Time Management']","['Plumbing', 'Heating Systems', 'Carpentry', 'Electrical Work', 'Drywall Repair', 'Appliance Installation and Repair', 'Snow Removal', 'Landscaping', 'Painting']",[],[],,"Erie, PA, United States"
228003844,Swim Instructor,"['Sports', 'Recreation']","['Instructor', 'Coach']",Not specified,[],,[],[],Immediate,"['Communication', 'Time Management', 'Customer Service']","['Swimming Instruction', 'CPR']",['CPR Certification'],[],,"Harlingen, TX, USA"
229924287,Administrative Assistant,"['Administration', 'Office Management']","['Office Manager', 'Assistant', 'Coordinator']",Associate Degree,['Secretarial/Office Administration'],3.0,[],[],ASAP,"['Communication', 'Time Management', 'Attention to Detail', 'Problem-Solving', 'Planning and Organization', 'Teamwork', 'Interpersonal Skills', 'Motivation', 'Initiative', 'Adaptability']","['Microsoft Office', 'Office Software Packages', 'Accounting Software', 'Data Management Software']",[],[],,"Woburn, MA, USA"
231010577,Service / Construction Technician,"['Construction', 'Engineering', 'HVAC']","['Technician', 'Apprentice']",Not specified,"['Civil Engineering', 'Building Surveying', 'HVAC']",,[],[],Immediate,"['Communication', 'Interpersonal Skills', 'Problem-Solving', 'Attention to Detail', 'Teamwork']","['Construction Safety Protocols', 'Site Inspection', 'Documentation Management', 'Civil Engineering', 'Building Surveying']",['OSHA Certification'],[],,"West Bridgewater, MA, USA"
243731357,Legal Secretary,"['Law', 'Administration']","['Legal Secretary', 'Legal Assistant']",High School Diploma,"['Law', 'Legal Studies', 'Secretarial Studies']",2.0,[],[],ASAP,"['Teamwork', 'Organizational Skills', 'Attention to Detail', 'Communication']","['Microsoft Office', 'Adobe', 'TurboCourt', 'E-filing']",[],[],,"Phoenix, AZ, United States"
258868844,Salesperson,"['Sales', 'Event Management']",[],Bachelor's,[],1.0,[],[],ASAP,"['Communication', 'Negotiation', 'Teamwork']",[],[],[],,United States
263583866,Registered Nurse,"['Healthcare', 'Nursing']",['Nurse'],Bachelor's,['Nursing'],,[],[],Immediate,"['Compassion', 'Teamwork', 'Positive Attitude']","['Medication Administration', 'IV Certification', 'Nursing Care Planning']",['RN License'],[],,"Grayling, MI, United States"
266566927,Marketing & Office Coordinator,"['Marketing', 'Office Management']","['Marketing Coordinator', 'Office Coordinator']",Bachelor's,"['Marketing', 'Business']",2.0,[],[],Immediate,"['Teamwork', 'Communication', 'Creative Problem-Solving', 'Flexibility', 'Adaptability', 'Professionalism']","['Adobe Creative Suite (InDesign, Illustrator, Acrobat)', 'Microsoft Office Suite', 'CRM Software (HubSpot)', 'Content Strategy', 'Campaign Planning', 'Brand Management']",['Notary Certification'],[],,"Denver, CO, USA"
266825034,Software Support Specialist,"['Software Support', 'Engineering', 'Spectrum Management']","['Support Specialist', 'Engineer', 'Help Desk Technician']",Bachelor's,"['Computer Science', 'Engineering', 'Web Development']",1.0,"['Spanish', 'Portuguese']",['Intermediate'],Immediate,"['Communication', 'Teamwork', 'Problem-Solving']","['PHP', 'JavaScript', 'Web Development', 'Help Desk Software']",[],[],,"McLean, VA, United States"
280496925,Coordinator for Multicultural Student Organizations,"['Education', 'Student Affairs']","['Advisor', 'Student Coordinator', 'Student Leader']",Not specified,"['Political Science', 'Public Administration', 'Student Affairs']",,[],[],Immediate,"['Leadership', 'Communication', 'Teamwork', 'Advising', 'Mentoring']",[],[],[],,"Pullman, WA, United States"
345332937,Barber,"['Service Industry', 'Beauty and Wellness']",[],High School Diploma,[],0.0,[],[],ASAP,"['Customer Service', 'Time Management', 'Communication']","['Hair Cutting', 'Shaving Techniques', 'Client Scheduling']",['Barber License'],[],,"Grafton, WI, United States"
358267047,Production Planner (Food Technologist),"['Food Technology', 'Production Planning', 'Manufacturing']","['Production Planner', 'Food Technologist']",Bachelor's,"['Food Science', 'Food Technology']",3.0,[],[],Immediate,"['Communication', 'Interpersonal Skills', 'Teamwork', 'Problem-Solving', 'Analytical Skills']","['Production Planning Software', 'SAP', 'MRP', 'MPS', 'Food Safety Regulations', 'Quality Control']",[],[],,"Concord, NC, USA"
368586246,Embryologist,"['Healthcare', 'Medical Laboratory']","['Laboratory Technician', 'Medical Professional']",Bachelor's,"['Biology', 'Laboratory Science', 'Medical Technology']",3.0,[],[],ASAP,"['Interpersonal Skills', 'Communication', 'Compassion', 'Teamwork', 'Flexibility', 'Stress Management']","['In Vitro Fertilization (IVF)', 'Intracytoplasmic Sperm Injection (ICSI)', 'Embryo Culture', 'Micromanipulation', 'Trophectoderm Biopsy', 'Laboratory Equipment Maintenance', 'Quality Control', 'Data Entry', 'Microsoft Office Suite']",[],[],,"St Louis, MO, USA"
445337908,Chief Operating Officer,"['Management', 'Operations']","['Manager', 'Leader']",Not specified,[],,[],[],Not specified,"['Leadership', 'Strategic Planning', 'Relationship Management', 'Team Management', 'Communication', 'Time Management', 'Problem-Solving']","['Warehouse Management', 'Transportation Logistics', 'Food Resource Management', 'Facilities Management', 'Equipment Maintenance', 'Budgeting', 'Food Safety and Regulations']",[],[],,"Anchorage, AK, United States"
606178500,Associate Attorney,"['Law', 'Civil Litigation']","['Attorney', 'Lawyer']",Law Degree,"['Law', 'Civil Litigation']",,[],[],Immediate,"['Communication', 'Respectfulness', 'Stability', 'Teamwork']",[],['Licensed to practice law in the State of Hawaiʻi'],[],,"Kailua-Kona, HI, USA"
634823509,HVAC Technician,"['Engineering', 'Construction']","['Technician', 'Installer', 'Mechanic']",Vocational Training or Certificate,"['HVAC', 'Mechanical Technology', 'Electrical Engineering Technology']",,[],[],Immediate,"['Communication', 'Teamwork']","['HVAC Equipment Installation', 'Rooftop Unit Installation', 'VRF Systems', 'PTAC Units', 'Duct Installation', 'Ductless Mini-Split Systems', 'Control Wiring', 'VFD Setup', 'Piping', 'Brazing', 'Blueprint Reading']",[],[],,"Brooklyn, NY, USA"
658723396,External Mortgage Loan Officer,"['Finance', 'Sales']","['Sales Representative', 'Mortgage Loan Officer', 'Business Development']",Associate's Degree,"['Business', 'Finance', 'Real Estate']",3.0,[],[],Immediate,"['Interpersonal Communication', 'Teamwork', 'Customer Service', 'Networking']","['Microsoft Office', 'Episys Quest (Symitar)']",['NMLS License'],[],,"Orlando, FL, USA"
705356075,TREC licensed Professional Home Inspector,"['Home Inspection', 'Real Estate']","['Home Inspector', 'Technician']",,[],,[],[],Immediate,"['People Skills', 'Communication', 'Teamwork']","['Computer Skills', 'Driving', 'Ladder Operation']",['TREC Home Inspector License'],[],,"Dallas-Fort Worth, Texas, USA"
805229245,"Manager, Retail Pharmacy","['Healthcare', 'Pharmacy Management']","['Manager', 'Pharmacy Professional']",Graduate,['Pharmacy'],5.0,[],[],Immediate,"['Leadership', 'Team Management', 'Communication', 'Problem-Solving']","['Pharmacy Operations Management', 'Drug Interaction Review', 'Pharmacy Systems Management', 'Project Management']",['Pharmacist Licensure in Arizona'],[],,"Tucson, AZ, United States"
844454682,Commercial Property Manager,"['Real Estate', 'Property Management']","['Property Manager', 'Real Estate Professional']",Associates or College Degree,"['Real Estate', 'Property Management', 'Business Administration']",3.0,[],[],Immediate,"['Motivation', 'Organization', 'Teamwork', 'Proactivity', 'Relationship Management']","['Microsoft Word', 'Outlook', 'Smartphone', 'Adobe Acrobat', 'Microsoft Excel', 'Yardi (or similar property management software)']",[],[],,"Houston, TX, United States"
857299959,SALES,"['Sales', 'Telecommunications', 'Business Development']","['Sales Professional', 'Business Development Associate']",Not Specified,[],,[],[],Immediate,"['Communication', 'Persuasion', 'Negotiation']",[],[],[],,"Hackensack, NJ, United States"
935210241,Transactional Attorney,"['Law', 'Legal Services']","['Attorney', 'Lawyer']",Juris Doctor (JD),"['Law', 'Corporate Law', 'Business Law']",3.0,[],[],Immediate,"['Teamwork', 'Communication', 'Time Management', 'Attention to Detail', 'Problem-Solving', 'Entrepreneurial Mindset', 'Self-Motivation']",[],['Licensed to practice law'],[],,"New York, NY, USA"
974774701,Blog Writer and Virtual Assistant,"['Writing', 'Editing', 'Marketing']","['Writer', 'Virtual Assistant', 'Creative Thinker']",Bachelor's,"['English', 'Communications', 'Journalism']",,[],[],ASAP,"['Creativity', 'Communication', 'Time Management', 'Attention to Detail', 'Organization', 'Teamwork']","['SEO', 'Keyword Optimization', 'Email Marketing', 'ConvertKit']",[],[],,"South Dakota, United States"
1014822088,Marketing Specialist,"['Marketing', 'Digital Marketing', 'Social Media Marketing']","['Marketing Professional', 'Digital Marketer', 'Social Media Specialist']",Bachelor's,"['Marketing', 'Communications', 'Digital Media']",1.0,[],[],Immediate,"['Project Management', 'Attention to Detail', 'Creativity', 'Communication', 'Collaboration', 'Organization']","['Adobe Photoshop', 'InDesign', 'Canva', 'Video Editing Software', 'Website Analytics (Google Analytics)', 'Social Media Management', 'Content Management Systems']",[],[],,United States
1093227543,Sales Associate Natural Food Products,"['Sales', 'Food & Beverages']","['Sales Associate', 'Sales Representative', 'Business Development Associate']",Bachelor's,"['Business', 'Marketing', 'Food Science']",2.0,[],[],ASAP,"['Persuasion', 'Communication', 'Teamwork', 'Interpersonal Skills', 'Resilience', 'Motivation', 'Organizational Skills']","['Sales Presentations', 'Sales Strategy', 'Customer Relationship Management', 'Food Industry Knowledge']",[],[],,"Miami, Florida, USA"
1129235875,Industrial Sales Representative,"['Sales', 'Mechanical Engineering']","['Salesperson', 'Sales Representative', 'Sales Engineer']",Bachelor's,"['Mechanical Engineering', 'Fluid Power Systems', 'Sales and Marketing']",3.0,[],[],ASAP,"['Communication', 'Relationship Building', 'Teamwork', 'Problem-Solving', 'Time Management']","['Microsoft Word', 'Microsoft Outlook', 'Microsoft Excel', 'Fluid Power Systems', 'Component Repair']","[""Driver's License""]",[],,"Lancaster, PA, USA"
1143359956,National Sales Manager,"['Sales', 'Interior Design', 'Hospitality']","['Sales Manager', 'Interior Designer']",Bachelor's,"['Interior Design', 'Business', 'Sales']",,[],[],Immediate,"['Communication', 'Presentation Skills', 'Interpersonal Skills', 'Teamwork', 'Customer Satisfaction', 'Negotiation']","['AutoCAD', 'SketchUp', 'Revit', 'CRM Systems', 'Design Software']",[],[],,"Los Angeles, CA, United States"
1168783207,Reps Manager,"['Sales Management', 'Business Development']","['Manager', 'Sales Representative']",Not specified,[],,[],[],Immediate,"['Communication', 'Leadership', 'Organization']","['Sales Management Software', 'CRM (Customer Relationship Management)']",[],[],,"Macon, GA, USA"
1183148438,"Montessori Lead Guide, Primary","['Education', 'Childcare']","['Teacher', 'Montessori Guide']",Bachelor's,"['Montessori Education', 'Early Childhood Education']",,[],[],Summer or August 2024,"['Teamwork', 'Communication', 'Collaboration', 'Feedback', 'Courageous Conversation']","['Montessori Teaching Methods', 'Child Development']",['MACTE Montessori Credential'],[],,"Austin, TX, USA"
1219205895,Director of Training,"['Hospitality', 'Management']","['Manager', 'Hospitality Professional']",Bachelor's,"['Hospitality Management', 'Business Administration']",5.0,[],[],Immediate,"['Leadership', 'Communication', 'Interpersonal Skills', 'Team Management', 'Motivation']",[],[],[],,"New York, NY, USA"
1448163866,Office Manager,"['Management', 'Administration']","['Manager', 'Supervisor', 'Administrator']",Unspecified,[],5.0,[],[],Immediate,"['Communication', 'Teamwork', 'Time Management', 'Supervision', 'Detail Orientation', 'Adaptability']","['Microsoft Office 365', 'Word', 'Excel', 'Teams', 'VOIP Phone Systems', 'File Management']",[],[],,"Chino, CA, United States"
1573178251,Social Media Coordinator,"['Marketing', 'Social Media']","['Student', 'Fresh Graduate']",,[],0.0,['English'],['Advanced'],Immediate,"['Communication', 'Creativity', 'Teamwork']","['Social Media Management', 'Content Creation', 'Online Community Engagement']",[],[],,"New York, United States"
1586552873,Equity Institutional Sales Position,"['Finance', 'Sales']","['Equity Capital Markets Associate', 'Sales Associate']",Bachelor's,"['Finance', 'Business']",1.0,[],[],Immediate,"['Communication', 'Relationship Building', 'Teamwork']",[],['Series 7 License'],[],,"New York City, New York, United States"
1755471110,Front Desk Administrator,"['Healthcare', 'Administration']","['Administrator', 'Medical Assistant']",BUT,"['Healthcare Administration', 'Medical Office Management']",0.0,[],[],Immediate,"['Communication', 'Organization', 'Customer Service']","['Medical Software', 'Inventory Management']",[],[],,"Metairie, LA, USA"
1826257634,Social Security Specialist / Retirement Benefit Advisor,"['Healthcare', 'Customer Service']","['Advisor', 'Specialist']",Bachelor's,"['Social Sciences', 'Healthcare Management', 'Gerontology']",5.0,['English'],['Advanced'],Immediate,"['Communication', 'Empathy', 'Teamwork', 'Time Management', 'Problem-Solving', 'Organization', 'Customer Service', 'Compassion']","['Microsoft Office', 'PowerPoint', 'Word', 'Excel', 'Typing']",[],[],,"Colorado Springs or Denver, Colorado, United States"
1880409118,Board Certified Behavior Analyst,"['Healthcare', 'Behavioral Health']","['Specialist', 'Behavior Analyst', 'Support Specialist']",Master's,"['Special Education', 'Behavior Analysis', 'Human Services']",2.0,[],[],Immediate,"['Communication', 'Interpersonal Skills', 'Organization', 'Teamwork']","['Applied Behavior Analysis', 'Discrete Trial Training', 'Natural Environment Training', 'Behavior Management', 'Instructional Strategies']",['BCBA Certification'],[],,"McDonough, GA, United States"
2011147642,Lead Installer,"['Engineering', 'Installation']","['Technician', 'Engineer', 'Supervisor']",Not specified,"['Electrical Engineering', 'Audio Visual Technology', 'Systems Integration']",3.0,[],[],Immediate,"['Leadership', 'Communication', 'Team Management', 'Problem-Solving', 'Attention to Detail']","['Home Theater Installation', 'Audio Visual Equipment Configuration', 'Troubleshooting', 'Electrical Wiring', 'Networking', 'Construction Principles']",[],[],,"Fresno, CA, United States"
2147609712,Med-RN ER,"['Healthcare', 'Nursing']",['Registered Nurse'],Bachelor's,['Nursing'],,[],[],ASAP,"['Communication', 'Emotional Support', 'Problem-Solving', 'Critical Thinking', 'Rapport Building']","['Medical Software', 'Medical Equipment']",[],[],,"Murrieta, CA, United States"
2147609754,Workflow Coordinator Hospitality - Mon - Fri 8am-5pm,"['Hospitality', 'Event Management', 'Customer Service']","['Hospitality Professional', 'Event Coordinator', 'Office Administrator']",High School Diploma,[],1.0,[],[],Immediate,"['Interpersonal Communication', 'Organization', 'Time Management', 'Teamwork', 'Customer Service', 'Problem-Solving', 'Attention to Detail']","['Audio/Visual Equipment Operation', 'Inventory Management', 'Catering', 'Office Administration']",[],[],,"San Antonio, TX, USA"
2147609766,Sales Representative,"['Sales', 'Construction']","['Sales Representative', 'Insurance Specialist', 'Educator']",Not specified,[],1.0,"['English', 'Spanish']","['Advanced', 'Advanced']",May 2024,"['Communication', 'Rapport Building', 'Persuasion', 'Ownership', 'Confidentiality', 'Attention to Detail', 'Discipline', 'Internal Motivation', 'Competitiveness', 'Adaptability']","['Mobile Applications', 'Roofing', 'Construction']",[],[],,"Ogden, UT, United States"
2147609774,Dental Hygienist - choose your shift,['Healthcare'],['Dental Hygienist'],BUT,"['Dental Hygiene', 'Oral Health']",,[],[],Immediate,"['Communication', 'Teamwork', 'Customer Service']","['Dental Prophylaxis', 'Oral Cancer Screening', 'Radiographic Studies', 'Dental Instrumentation', 'Fluoride Application']",[],['GoTu'],,"Huntington, NY, USA"
2147609785,FP&A Analyst,"['Finance', 'Business Analysis']","['Analyst', 'Financial Analyst', 'Business Analyst']",Bachelor's,"['Business', 'Accounting', 'Finance', 'Economics']",3.0,[],[],Immediate,"['Problem-Solving', 'Critical Thinking', 'Self-Motivation', 'Collaboration', 'Attention to Detail', 'Interpersonal Skills', 'Work Ethic', 'Communication Skills', 'Presentation Skills', 'Organization']","['Excel', 'BI Tools', 'Power BI', 'Tableau', 'SQL', 'OneStream', 'NetSuite']",[],[],,"Dallas, Texas, USA"
2147609789,Entry Level Oracle Financial Technology Consultant,"['Technology', 'Finance', 'Consulting']","['Associate', 'Graduate']",Bachelor's,"['Business', 'Finance', 'Computer Science']",0.0,[],[],Immediate,"['Communication', 'Interpersonal Skills', 'Problem-Solving']",['Oracle Financial Technology'],[],[],,"East Chicago, IN, United States"
2147609816,Maintenance Mechanic,"['Engineering', 'Manufacturing']","['Technician', 'Mechanic']",Vocational/Technical Certifications,"['Mechanical Engineering', 'Electrical Engineering']",1.0,[],[],Immediate,"['Communication', 'Teamwork', 'Problem-Solving']","['Mechanical Repairs', 'Electrical Repairs', 'Hydraulic Systems', 'Pneumatic Systems', 'Motor Control Centers', 'Precision Measurement', 'Metal Fabrication', 'Welding', 'Machining']","['Vocational/Technical Certifications', 'Fork Truck Driving Experience']",[],,"Suffolk, VA, USA"
2147609835,Trade Review Principal,"['Finance', 'Insurance']","['Financial Professional', 'Registered Representative', 'Investment Advisory Representative']",Bachelor's,"['Finance', 'Business', 'Economics', 'Insurance']",2.0,[],[],ASAP,"['Communication', 'Problem-Solving', 'Teamwork', 'Leadership']","['Financial Planning', 'Regulatory Knowledge', 'Broker-Dealer Processes', 'RIA Business Processes', 'SEC Rules', 'FINRA Rules', 'MSRB Rules', 'AML Regulations', 'State Securities Regulations']","['FINRA Series 6', 'FINRA Series 26', 'FINRA Series 65', 'Insurance License', 'Securities License']",[],,"Urbandale, IA, USA"
2147609840,Mover/Junk Hauler/Crew Member,"['Logistics', 'Transportation', 'Customer Service']","['Laborer', 'Crew Member']",High School Diploma or Equivalent,[],,[],[],Immediate,"['Friendliness', 'Customer Service', 'Communication', 'Teamwork']","['Truck Operation', 'Logistics', 'Sales']",[],[],,"St. Louis, MO, USA"
2147609858,Dental CAD/CAM Designer,"['Healthcare', 'Design']","['Designer', 'Dental Technician']",BUT,"['Dental Technology', 'CAD/CAM Design']",,[],[],Immediate,"['Communication', 'Problem-Solving', 'Critical Thinking']","['CAD/CAM', '3Shape', 'Dental Design Software']",[],[],,"Bartlett, TN, USA"
2147609929,Production Planner,"['Manufacturing', 'Supply Chain']","['Planner', 'Supply Chain Professional']",Bachelor's,"['Business', 'Manufacturing', 'Supply Chain Management']",2.0,[],[],Immediate,"['Communication', 'Prioritization', 'Time Management', 'Problem-Solving']","['MS Office', 'Excel', 'Word', 'PowerPoint', 'ERP Systems', 'MRP Systems']","['C.P.I.M', 'C.P.M']",[],,"Hanover, PA, USA"
2157930553,Customer Service Representative,"['Customer Service', 'Insurance']","['Customer Service Representative', 'Administrative Assistant']",Not specified,[],,[],[],Immediate,"['Communication', 'Teamwork', 'Problem-Solving', 'Creativity', 'Client Relationship Management']",['Computer Skills'],[],[],,"Kokomo, IN, United States"
2195921577,Associate Planner,"['Operations', 'Supply Chain Management']","['Planner', 'Operations Coordinator', 'Inventory Manager']",High School Diploma,"['Business Administration', 'Operations Management', 'Supply Chain Management']",1.0,['English'],['Advanced'],Immediate,"['Problem-Solving', 'Organization', 'Teamwork', 'Communication', 'Leadership', 'Strategic Thinking', 'Persuasion']","['Math', 'Statistics', 'Material Resource Planning', 'Inventory Management', 'ERP Systems', 'Syteline']",[],"['MS Office (Excel, Word, PowerPoint, Outlook)']",,"Waco, TX, United States"
2234533717,Full Stack Engineer,"['Software Development', 'Engineering', 'Information Technology']","['Software Engineer', 'Full Stack Developer']",Bachelor's,"['Computer Science', 'Software Engineering', 'Information Technology']",3.0,[],[],Immediate,"['Teamwork', 'Communication', 'Problem-Solving', 'Attention to Detail', 'Collaboration']","['JavaScript', 'TypeScript', 'React', 'Node.js', 'Python', 'Express.js', 'HTML5', 'CSS3', 'Responsive Design', 'Cloud Computing (AWS/Azure/GCP)']",[],[],,"Remote, United States"
2269442456,Computer Scientist,"['Software Development', 'Computer Science']","['Engineer', 'Software Developer']",Bachelor's,"['Computer Science', 'Software Engineering']",,[],[],Immediate,"['Teamwork', 'Communication', 'Collaboration']","['Software Development', 'Mobile Application Development', 'Security Protocols']",[],[],,United States
2314566469,Front end specialist,"['Customer Service', 'Sales', 'Legal']","['Sales Representative', 'Customer Service Representative', 'Legal Assistant']",Not specified,[],,[],[],Immediate,"['Communication', 'Interpersonal Skills', 'Phone Etiquette', 'Organization', 'Attention to Detail', 'Work Ethic']",[],[],[],,"Baton Rouge, LA, USA"
2372177891,Client Service Associate,"['Finance', 'Customer Service']","['Assistant', 'Support Staff']",Bachelor's,"['Finance', 'Business Administration']",,[],[],ASAP,"['Communication', 'Organization', 'Prioritization', 'Confidentiality', 'Teamwork', 'Client Interaction']","['Computer Literacy', 'Word Processing', 'Database Management', 'Compliance Knowledge']","['SEC Compliance Certification', 'Financial Fitness Certification']",[],,"Waseca, MN, United States"
2404832493,Sales and Design consultant,"['Sales', 'Design', 'Retail']","['Sales Associate', 'Design Consultant', 'Retail Professional']",Not specified,"['Sales', 'Marketing', 'Design', 'Luxury Goods']",0.0,"['English', 'Spanish']","['Advanced', 'Intermediate']",Immediate,"['Interpersonal Skills', 'Communication', 'Customer Service', 'Teamwork', 'Entrepreneurial Mindset']","['Sales', 'Product Knowledge', 'Excel']",[],[],,"San Diego, CA, United States"
2428973832,Staff Accountant,"['Finance', 'Accounting']","['Accountant', 'Financial Analyst']",Bachelor's,"['Accounting', 'Economics', 'Finance']",2.0,[],[],ASAP,"['Communication', 'Organizational Skills', 'Time Management', 'Teamwork']","['Microsoft Excel', 'Accounting Software']",[],[],,"Cumberland, MD, USA"
2457183642,Quality Assurance Manager,"['Quality Assurance', 'Food Safety', 'Management']","['Manager', 'Quality Assurance Professional', 'Food Industry Specialist']",Bachelor's,"['Quality Assurance', 'Food Science', 'Supply Chain Management']",5.0,[],[],Immediate,"['Communication', 'Teamwork', 'Leadership', 'Attention to Detail', 'Problem-Solving']","['Quality Management Systems', 'BRC and GFSI Standards', 'Statistical Process Control', 'Food Safety Regulations', 'Product Inspection', 'Vendor Management']","['BRC Certified Professional', 'HACCP Certification', 'Food Safety Certification']",[],,"Hebron, KY, USA"
2558399667,"Validation Engineer, Labware LIMS","['Engineering', 'Information Technology', 'Pharmaceutical']","['Engineer', 'Validation Engineer']",Bachelor's,"['Computer Science', 'Biology', 'Chemistry', 'Biotechnology', 'Pharmaceutical Sciences']",6.0,[],[],Immediate,"['Communication', 'Interpersonal Skills', 'Teamwork', 'Leadership']","['Computer System Validation', 'Programming', 'Relational Database Management', 'GAMP Guidelines', 'FDA Regulations', 'Data Integrity']","['GAMP Certification', 'FDA Part 11 Certification']",[],,"Foster City, California, United States"
2735151240,Intern- Business Analytics,"['Business Analytics', 'Data Science', 'Apparel Manufacturing']","['MBA Student', 'Data Analyst']",Master's,"['Business Administration', 'Data Analytics', 'Computer Science']",0.0,[],[],Summer,"['Communication', 'Teamwork', 'Interpersonal Skills', 'Creativity', 'Problem-Solving']","['Data Analysis', 'Data Modeling', 'Data Visualization', 'Microsoft Excel', 'Tableau', 'Power BI']",[],[],,"Greensboro, North Carolina, USA"
2737009242,Service Manager,"['Hospitality', 'Management']","['Manager', 'Leader', 'Hospitality Professional']",Not specified,[],3.0,[],[],Immediate,"['Leadership', 'Hospitality', 'Problem-Solving', 'Communication', 'Conflict Resolution', 'Attention to Detail', 'Team Management']","['Fine Dining Service', 'Service Standards', 'Guest Relationship Management', 'Staff Training', 'Menu Management', 'POS Systems', 'Inventory Management', 'Beverage Program Management', 'Reservation Systems', 'Tock', 'Square POS']",['Manager ServSafe'],[],,"Los Angeles, CA, United States"
2747409392,Robot Monitor & Maintenance Technician,"['Engineering', 'Maintenance', 'Robotics']","['Technician', 'Monitor']",High School Diploma,[],0.0,[],[],Immediate,"['Multi-tasking', 'Teamwork', 'Attention to Detail']","['Computer Proficiency', 'App Usage', 'Basic Robot Diagnostics']",[],[],,"Sunnyvale, CA, United States"
2748500131,Director of Public Works,"['Engineering', 'Management']","['Engineer', 'Manager']",Bachelor's,"['Engineering', 'Public Administration']",7.0,[],[],Not specified,"['Communication', 'Teamwork', 'Interpersonal Skills', 'Confidentiality', 'Planning and Organization']","['Engineering Principles', 'Construction Management', 'Project Management', 'Budget Management', 'Public Works Systems Knowledge']",[],[],,"Germantown, TN, United States"
2790549389,National Sales Manager,"['Sales', 'Management']","['Sales Manager', 'Sales Leader']",Bachelor's,"['Business Administration', 'Marketing', 'Sales Management']",8.0,[],[],ASAP,"['Leadership', 'Communication', 'Team Management', 'Strategic Planning', 'Data Analysis']",[],[],[],,United States
2796728000,Fire Sprinkler Designer,"['Engineering', 'Design', 'Construction']","['Engineer', 'Designer']",Not specified,"['Fire Protection Engineering', 'Civil Engineering', 'Mechanical Engineering']",,[],[],Immediate,"['Communication', 'Teamwork', 'Attention to Detail', 'Problem-Solving']","['AutoCAD', 'Hydraulic Calculations', 'NFPA Codes (13, 14, 20, 24)']",['Fire Sprinkler Designer Certification'],[],,"Brentwood, CA, USA"
2826285517,"Assistant Director of Admission, Midwest Regional Representative","['Education', 'Administration']","['Admission Representative', 'Enrollment Professional']",Bachelor's,"['Education', 'Communication', 'Liberal Arts']",2.0,"['English', 'Spanish']","['Advanced', 'Fluent']",ASAP,"['Communication', 'Teamwork', 'Attention to Detail', 'Organizational Skills', 'Flexibility']","['Database Management', 'PeopleSoft', 'Slate', 'CRM Software']",[],[],,"Minneapolis, Minnesota, USA"
2838336689,Executive Assistant,"['Business Administration', 'Finance']","['Executive Assistant', 'Administrative Professional']",Bachelor's,[],3.0,[],[],ASAP,"['Communication', 'Entrepreneurial Mindset', 'Self-Motivation', 'Teamwork']","['Microsoft Office', 'Scanners', 'Microsoft Office Tools']",[],[],,"Holladay, UT, United States"
2914254129,Director of Operations,"['Administration', 'Project Management']","['Manager', 'Project Manager', 'Operations Manager']",Undergraduate Degree,"['Business Administration', 'Public Administration', 'Social Work']",2.0,[],[],Immediate,"['Communication', 'Presentation', 'Facilitation', 'Teamwork', 'Analytical', 'Problem-Solving', 'Time Management', 'Decision-Making']",[],[],[],,"Muncie, IN, United States"
2920450495,Service Coordinator,"['Customer Service', 'Administration', 'HVAC']","['Office Assistant', 'Coordinator', 'Service Dispatcher']",High School Diploma,[],4.0,[],[],Immediate,"['Teamwork', 'Positive Attitude', 'Communication Skills', 'Customer Service', 'Problem-Solving', 'Attention to Detail', 'Organization']","['Data Entry', 'Office Software', 'GPS Tracking Software', 'HVAC Software', 'Accounting Software']",[],['Foundation Software'],,"Omaha, NE, USA"
2934066464,Fundraising Associate,"['Political Consulting', 'Fundraising']","['Associate', 'Fundraiser', 'Political Campaigner']",Bachelor's,"['Political Science', 'Communications', 'Public Relations']",1.0,[],[],Immediate,"['Communication', 'Organization', 'Time Management', 'Teamwork', 'Flexibility']","['Microsoft Office', 'Google Drive', 'NGP/VAN', 'ActBlue', 'Numero']",[],[],,"New York City, New York, USA"
2954591060,Social Media Coordinator,"['Marketing', 'Social Media']","['Marketing Professional', 'Social Media Specialist']",Bachelor's,"['Marketing', 'Communications', 'Digital Media']",3.0,[],[],ASAP,"['Communication', 'Collaboration', 'Creativity', 'Innovation', 'Teamwork']","['Content Creation', 'Social Media Management', 'Analytics', 'Copywriting', 'Trending Technologies']",[],"['Instagram (IG)', 'Facebook (FB)', 'TikTok', 'Pinterest', 'SnapChat']",,"Los Angeles, CA, USA"
2957460032,Professional Window Cleaning Technician,"['Cleaning Services', 'Skilled Trades']","['Technician', 'Skilled Laborer', 'Manual Laborer']",High School Diploma,[],0.0,[],[],Immediate,"['Interpersonal Skills', 'Attention to Detail', 'Honesty', 'Integrity', 'Punctuality', 'Dependability', 'Positive Attitude', 'Teamwork']","['Window Cleaning', 'Power Washing', 'Carpet Cleaning', 'Air Duct Cleaning', 'Dryer Vent Cleaning', 'Gutter Cleaning', 'Ladder Work', 'Driving']",[],[],,"Omaha, NE, USA"
2974397965,Marketing Coordinator,"['Marketing', 'Design']","['Marketing Professional', 'Graphic Designer', 'Event Planner']",Bachelor's,"['Marketing', 'Graphic Design', 'Communication']",3.0,[],[],ASAP,"['Creativity', 'Time Management', 'Negotiation', 'Writing and Editing', 'Teamwork', 'Communication']","['Canva', 'CorelDRAW', 'Photoshop', 'PowerPoint', 'Email Marketing', 'Social Media Management', 'Video Editing']",[],[],,"Richardson, TX, United States"
2987175317,Construction Project Manager,"['Project Management', 'Construction']","['Manager', 'Project Coordinator']",Bachelor's,"['Construction Management', 'Civil Engineering', 'Architecture']",,[],[],ASAP,"['Communication', 'Multi-tasking', 'Prioritization', 'Relationship Management', 'Coordination']","['Project Budgeting', 'Bidding', 'Proposal Writing', 'Negotiation', 'Scheduling', 'Quality Control', 'Safety Management', 'Subcontractor Management']",[],[],,"Raleigh-Durham-Chapel Hill, North Carolina, USA"
2989631782,Administrative Assistant - CONCUR,"['Finance', 'Administration']","['Executive Administrative Assistant', 'Administrative Professional']",Bachelor's,"['Business Administration', 'Office Management']",,[],[],Immediate,"['Teamwork', 'Collaboration', 'Time Management', 'Prioritization', 'Communication']","['Concur', 'Calendar Management', 'Event Logistics']",[],[],,"New York, NY, USA"
3018278978,Seasonal Office Administrator,"['Administration', 'Logistics']","['Administrator', 'Clerk']",BUT,[],,[],[],Immediate,"['Organization', 'Attention to Detail', 'Communication']","['Labeling', 'Documentation']",[],[],,"Dayton, OR, United States"
3040487795,Digital Marketing Intern,"['Marketing', 'Digital Media']","['Student', 'Intern']",Bachelor's,"['Marketing', 'Communications', 'Digital Media']",,[],[],Immediate (Summer),"['Communication', 'Creativity', 'Self-Motivation', 'Teamwork', 'Initiative']","['Social Media Management', 'Content Creation', 'Video Production', 'Web Design', 'Copywriting']",[],[],,"Redmond, WA, United States"
3045980831,Project Engineer,"['Engineering', 'Construction Management']","['Engineer', 'Project Engineer']",Bachelor's,"['Civil Engineering', 'Construction Management', 'Architecture']",,[],[],Immediate,"['Communication', 'Attention to Detail', 'Problem-Solving', 'Teamwork']","['Construction Procedures', 'Building Systems', 'MS Office', 'Bluebeam', 'Procore', 'Computer Skills']",[],[],,"Kailua-Kona, HI, USA"
3075721793,Architect/Project Manager,"['Architecture', 'Project Management']","['Architect', 'Project Manager']",Bachelor's or Master's,['Architecture'],5.0,[],[],Immediate,"['Communication', 'Interpersonal Skills', 'Attention to Detail', 'Teamwork', 'Collaboration']","['Architectural Design Software', 'Construction Methods', 'Building Codes', 'Project Management Tools']","['Professional Licensure as an Architect', 'LEED Certification']",[],,"Las Cruces, NM, USA"
3117273910,Administrative Assistant,"['Real Estate', 'Administration']","['Assistant', 'Brokerage Assistant']",Bachelor's,"['Real Estate', 'Business Administration', 'Marketing']",2.0,[],[],Immediate,"['Organization', 'Attention to Detail', 'Professionalism', 'Teamwork', 'Communication', 'Time Management']","['MLS (Multiple Listing Service)', 'CRM Software', 'Microsoft Office Suite', 'Email Communication', 'Property Marketing Tools', 'Research Skills']",['Real Estate License'],"['Loopnet', 'CoStar', 'MLS', 'Google Earth']",,"Wilmington, NC, USA"
3127577086,Histologist - HT,"['Healthcare', 'Laboratory Science']","['Histology Technician', 'Histology Technologist', 'Laboratory Technician']",High School Diploma,"['Histology', 'Laboratory Science', 'Chemistry', 'Biology', 'Medical Laboratory Technology']",1.0,['English'],['Advanced'],Immediate,"['Confidentiality', 'Integrity', 'Teamwork', 'Communication', 'Time Management', 'Attention to Detail', 'Problem-Solving']","['Histology Techniques', 'Specimen Processing', 'Reagent Preparation', 'Tissue Embedding and Cutting', 'Staining Procedures', 'Equipment Maintenance', 'Computer Skills']","['HT (ASCP)', 'NAACLS accredited Histo Technician Program']",[],,"Bellingham, WA, United States"
3169712432,Salesforce Vlocity Developer,"['Information Technology', 'Software Development']","['Developer', 'Engineer']",Bachelor's,"['Computer Science', 'Information Technology', 'Software Engineering']",5.0,[],[],Immediate,"['Communication', 'Client-facing skills', 'Teamwork', 'Business Analysis']","['Salesforce Vlocity', 'Salesforce (SF)', 'Copado', 'Salesforce Administration', 'Jenkins', 'Bitbucket', 'JIRA', 'GitHub', 'Visual Studio', 'Postman', 'SOAP UI', 'Apex', 'Lightning Components', 'Java Script', 'LWC Framework']","['Salesforce Certified', 'Vlocity Certified', 'Insurance Domain Certification']",[],,"Newark, NJ, United States"
3177010992,Customer Service Representative,"['Sales', 'Customer Service']","['Agent', 'Representative']",High School Diploma,[],0.0,[],[],Immediate,"['Professionalism', 'Self-Motivation', 'Teamwork']","['Computer Proficiency', 'Typing', 'MS Office', 'Auto-dialer']","['Florida 2-15 Health, Life & Annuities License']",[],,"Orlando, FL, USA"
3184403524,Events & Communications Assistant,"['Communications', 'Event Management', 'Non-Profit']","['Undergraduate Student', 'Intern']",Bachelor's,[],,"['English', 'Spanish']","['Advanced', 'Advanced']","May 27, 2024","['Teamwork', 'Communication', 'Flexibility', 'Creativity', 'Curiosity', 'Passion for Community Work', 'Time Management', 'Positive Attitude', 'Verbal and Written Communication', 'Relationship Building', 'Professionalism', 'Confidentiality']","['Microsoft Office (Outlook, Word, Excel, PowerPoint)']",[],"['Facebook', 'Twitter', 'Instagram', 'LinkedIn']",,"Houston, TX, United States"
3189117072,Client Service Associate / Practice Manager,"['Wealth Management', 'Finance', 'Investment']","['Financial Advisor', 'Client Service Associate', 'Practice Manager']",Bachelor's,"['Finance', 'Wealth Management', 'Investment']",2.0,[],[],Immediate,"['Client Service', 'Time Management', 'Communication', 'Problem-Solving', 'Organization', 'Attention to Detail', 'Teamwork', 'Self-Motivation']","['eMoney Financial Planning Software', 'CRM Database Management', 'Financial Analysis', 'Portfolio Management']","['Series 7', 'Series 66', 'CFP', 'CPWA', 'CFA']",[],,"Redondo Beach, California, USA"
3190494363,Architectural Designer,"['Architecture', 'Engineering', 'Design']","['Architectural Designer', 'Engineer', 'Project Manager']",Bachelor's,"['Architecture', 'Architectural Engineering']",,[],[],Immediate,"['Communication', 'Interpersonal Skills', 'Customer Relationship Management', 'Problem-Solving', 'Attention to Detail', 'Teamwork', 'Self-Motivation']","['CAD Software (AutoCAD, Revit)', 'Construction Plan Design', 'Value Engineering', 'Permitting Processes']",[],[],,"Fort Myers, FL, USA"
3196627399,Marketing & Communications – Content Writer Internship,"['Marketing', 'Communications', 'Content Writing']","['Intern', 'Student', 'Content Writer']",Bachelor's,"['Communications', 'Journalism', 'Marketing', 'Digital Media', 'Business Administration']",,[],[],May 2024,"['Communication', 'Time Management', 'Problem-Solving', 'Teamwork', 'Attention to Detail', 'Initiative']","['Email Marketing', 'Layout Design', 'Content Management Systems', 'HTML', 'Microsoft Office', 'Adobe Creative Suite']",[],[],,"Bellevue, WA, USA"
3211657373,Heavy Equipment Operator,"['Construction', 'Engineering']","['Equipment Operator', 'Construction Worker']",Not specified,[],0.0,[],[],Immediate,"['Teamwork', 'Communication', 'Coordination', 'Stamina']","['Heavy Equipment Operation', 'Loaders', 'Bulldozers', 'Excavators', 'Skid Steer', 'Water Trucks']",[],[],,"La Salle, CO, USA"
3219089287,Recruitment Manager,"['Education', 'Sales', 'Management']","['Sales Professional', 'Education Specialist', 'Manager']",Bachelor's,"['Education', 'Sales', 'Business Administration']",4.0,[],[],Immediate,"['Communication', 'Teamwork', 'Collaboration', 'Passion for Education']","['Sales Strategy', 'Recruitment Planning', 'Proposal Writing', 'Account Management']",[],[],,"Minnesota, United States"
3245063922,Data Architect,"['Data Science', 'Cloud Computing', 'Data Warehousing']","['Engineer', 'Data Engineer']",Bachelor's,"['Computer Science', 'Data Science', 'Data Engineering']",,[],[],ASAP,"['Communication', 'Teamwork']","['AWS', 'EC2', 'S3', 'Lambda', 'Glue', 'Athena', 'Kinesis Data Streams', 'Kinesis Firehose', 'ETL', 'SQL', 'Redshift', 'Python', 'Spark', 'JSON', 'API Integration', 'Cloud Security', 'Big Data']",[],[],,"San Francisco, CA, USA"
3251984218,SAP BTP,"['IT', 'Software Development', 'Cloud Computing']","['Engineer', 'SAP Specialist']",Bachelor's,"['Computer Science', 'Information Technology', 'Software Engineering']",,[],[],ASAP,"['Problem-Solving', 'Attention to Detail', 'Communication']","['HANA DB SQL', 'Stored Procedures', 'CDS Query Language', 'SAP BTP Cloud', 'Node.JS', 'CAPM', 'HANA DB', 'CDS']",[],[],,United States
3260455681,Operations Specialist,"['Forestry', 'Logistics', 'Operations Management']","['Forestry Specialist', 'Logistics Expert', 'Operations Manager']",Bachelor's,"['Forestry', 'Environmental Science', 'Business Administration']",5.0,[],[],ASAP,"['Leadership', 'Time Management', 'Decision Making', 'Conflict Resolution', 'Communication', 'Interpersonal Skills', 'Teamwork', 'Detail-Oriented', 'Analytical', 'Self-Motivated']","['Geographical Information Systems (GIS)', 'Microsoft Office Suite', 'Data Analysis', 'Logistics Management']",[],[],,"Castle Rock, Washington, USA"
3270034794,Commercial Construction Project Managers/Superintendents,"['Construction Management', 'Project Management']","['Construction Project Coordinator', 'Project Manager', 'Construction Administrator']",High School Diploma,[],5.0,[],[],Immediate,"['Communication', 'Problem-Solving', 'Attention to Detail', 'Teamwork', 'Organization']","['MS Office Suite', 'Procore', 'AI Tools']",[],[],,"Land O Lakes, FL, USA"
3273249702,CPA,"['Finance', 'Accounting']","['Accountant', 'Financial Advisor', 'Tax Consultant']",Bachelor's,"['Accounting', 'Finance']",,[],[],ASAP,"['Communication', 'Interpersonal Skills', 'Teamwork', 'Attention to Detail', 'Problem-Solving']","['Accounting Software', 'MS Office']",['CPA (Certified Public Accountant)'],[],,"Palm Springs, CA, United States"
3277232283,HR & Administrative Assistant,"['Human Resources', 'Administration']","['HR Coordinator', 'Administrative Assistant']",Bachelor's,"['Human Resources', 'Business Administration']",1.0,[],[],ASAP,"['Organization', 'Attention to Detail', 'Communication', 'Interpersonal Skills', 'Independence', 'Problem-Solving']","['Microsoft Office Suite (Word, Excel, PowerPoint, Outlook)']",[],[],,"Boston, MA, United States"
3297645846,Contract Administrator,"['Business Administration', 'Contract Management', 'Finance']","['Administrator', 'Business Analyst', 'Contract Manager']",Bachelor's,"['Business', 'Finance', 'Economics']",2.0,[],[],Immediate,"['Communication', 'Teamwork', 'Interpersonal Skills', 'Self-Motivation', 'Attention to Detail', 'Problem-Solving']","['Microsoft Office', 'Power BI', 'Data Analysis']",[],[],,"Broomfield, CO, USA"
3299509053,Project Manager,"['Engineering', 'Project Management']","['Engineer', 'Manager']",Not specified,"['Civil Engineering', 'Land Planning']",,[],[],Immediate,"['Communication', 'Teamwork', 'Leadership', 'Mentoring']","['Project Management', 'Civil Engineering Design', 'Entitlement Procedures', 'Budget Management']",[],[],,"Tacoma, WA, United States"
3308438674,Director of Communications and Digital Diplomacy,"['Communications', 'Public Relations', 'Media']","['Director', 'Communications Specialist', 'Public Diplomacy Expert']",Bachelor's,"['Communication and Media', 'Journalism', 'Marketing', 'Political Science', 'Social Science']",,"['English', 'Hebrew']","['Advanced', 'Intermediate']",ASAP,"['Interpersonal Skills', 'Communication', 'Networking', 'Creativity', 'Initiative', 'Organizational Skills', 'Time Management', 'Multitasking', 'Flexibility', 'Determination', 'Enthusiasm', 'Strategic Thinking', 'Prioritization', 'Political and Social Awareness']","['Social Media Management', 'Writing', 'Editing', 'Event Organization', 'Graphic and Video Editing']",[],"['Twitter', 'Instagram', 'Facebook', 'LinkedIn']",,"Boston, MA, USA"
3322949022,"Director, Investment Sales","['Finance', 'Real Estate']",['Commercial Real Estate Broker'],Bachelor's or Master's,"['Business', 'Finance', 'Real Estate']",,[],[],Immediate,"['Negotiation', 'Communication', 'Interpersonal Skills', 'Independent Work', 'Collaboration', 'Attention to Detail', 'Customer Service']","['Financial Modeling', 'Excel', 'Argus']",['Real Estate License'],[],,"Littleton, Colorado, United States"
3328787598,Pharmacy Technician,"['Healthcare', 'Pharmacy']",['Technician'],BUT,['Pharmacy'],,[],[],ASAP,"['Teamwork', 'Communication', 'Professionalism', 'Attention to detail']","['Pharmacy Information Systems', 'Medication Management', 'HIPAA Guidelines']",['Illinois Certified Pharmacy Technician Licensure'],[],,"Lake County, IL, United States"
3363439517,Sanitation Supervisor,"['Food Manufacturing', 'Sanitation']","['Supervisor', 'Manager']",Bachelor's,"['Food Science', 'Business Administration']",3.0,"['English', 'Spanish']","['Advanced', 'Advanced']",Immediate,"['Communication', 'Team Management', 'Attention to Detail', 'Problem-Solving']","[""GMP's"", 'PC', 'HACCP', 'EMP', 'OSHA', 'USDA Regulations', 'Chemical Safety']",[],[],,"Stanton, California, United States"
3364366864,Trial Attorney,"['Law', 'Litigation']","['Attorney', 'Lawyer']",Juris Doctor (JD),"['Law', 'Legal Studies']",,[],[],ASAP,"['Communication', 'Client Rapport Building', 'Verbal Communication', 'Organization', 'Problem Solving', 'Analytical Thinking', 'Research']","['Legal Research', 'Legal Writing', 'Discovery Preparation', 'Pleadings and Motions Drafting', 'Deposition Conducting', 'Expert Witness Management', 'Medical Record Analysis', 'Injury Causation Assessment', 'Settlement Negotiation']","['Bar License in Pennsylvania', 'Bar License in New Jersey']",[],,"King of Prussia, PA, USA"
3366698309,Anaplan Developer,"['Data Science', 'Computer Science']","['Senior Consultant', 'Solution Architect', 'Model Builder']",Bachelor's,"['Computer Science', 'Mathematics', 'Statistics']",3.0,[],[],Immediate,"['Communication', 'Team Management', 'Client Facing Skills', 'Analytical Skills', 'Time Management']","['Anaplan', 'Excel', 'Spreadsheet Modelling', 'Macros', 'Pivot Tables', 'Formulas', 'Data Integration', 'Anaplan APIs', 'MuleSoft', 'Informatica Cloud']",[],[],,United States
3377655935,Senior Account Manager,"['Sales', 'Retail']","['Account Manager', 'Sales Lead']",Bachelor's,"['Business Administration', 'Marketing', 'Retail Management']",3.0,[],[],Immediate,"['Communication', 'Teamwork', 'Customer Focus', 'Attention to Detail', 'Organization', 'Analytical Skills', 'Problem-Solving']","['Microsoft Office Suite', 'Excel', 'Outlook', 'PowerPoint', 'Retail Customer Web Portals']",[],[],,"Edina, MN, USA"
3379554375,Finishing Editor,"['Media', 'Broadcasting', 'Video Production']","['Editor', 'Broadcast Technician', 'Video Engineer']",Bachelor's,"['Broadcasting', 'Film and Television Production', 'Media Arts']",1.0,[],[],Immediate,"['Decision-making', 'Teamwork', 'Communication', 'Diplomacy']","['Non-linear Editing Software', 'Video Editing', 'DVD/Blu-Ray Authoring', 'Single Camera EFP Shooting', 'Avid Media Composer', 'Color Grading Software', 'Adobe Creative Cloud', 'Video Production Equipment Operation', 'Video File Formats', 'Camera Operation']",[],[],,"Lincoln, Nebraska, United States"
3383214611,Account Executive - Mid-Market,"['Sales', 'Business Development']","['Sales Executive', 'Account Executive', 'Business Development Professional']",Bachelor's,"['Business Administration', 'Marketing', 'Sales Management']",5.0,[],[],Immediate,"['Teamwork', 'Communication', 'Collaboration', 'Customer Focus', 'Ambition', 'Discipline', 'Reliability', 'Feedback Receptiveness', 'Problem-Solving']","['Salesforce', 'Outreach', 'ZoomInfo', 'LinkedIn Sales Navigator']",[],"['LinkedIn', 'Salesforce', 'ZoomInfo']",,"Chicago, IL, USA"
3386174836,Administrative Assistant Project Coordinator,"['Administration', 'Project Management']","['Administrative Assistant', 'Project Coordinator']",Bachelor's,"['Business Administration', 'Construction Management', 'Project Management']",2.0,[],[],Immediate,"['Communication', 'Problem-Solving', 'Time Management', 'Attention to Detail', 'Teamwork']","['Microsoft Office Suite', 'Construction Software', 'Project Management Tools', 'Bidding Software']",[],[],,"Collierville, TN, United States"
3398076960,Technical Product and IT Manager for Data Center Dedicated Server Leasing,"['Data Center Management', 'Product Management', 'IT Management']","['Manager', 'Product Manager', 'IT Professional']",Bachelor's,"['Computer Science', 'Information Technology', 'Business Administration']",7.0,[],[],ASAP,"['Communication', 'Team Management', 'Leadership']","['Network Systems', 'Cloud Computing', 'Software Management']",[],[],,United States
3407282046,Motion Graphic Designer and Film Editor,"['Design', 'Media Production', 'Creative']","['Designer', 'Editor']",Bachelor's,"['Graphic Design', 'Motion Graphics', 'Film Studies', 'Art']",,[],[],Immediate,"['Teamwork', 'Communication', 'Attention to Detail', 'Time Management']","['Motion Design', 'Video Production', 'Video Editing', 'Adobe After Effects', 'Adobe Premiere Pro', 'Adobe Illustrator', 'Adobe Photoshop']",[],[],,"New York, NY, USA"
3422171886,Social Media Manager and Graphic Designer,"['Marketing', 'Design']","['Manager', 'Graphic Designer']",Bachelor's,"['Marketing', 'Communications', 'Graphic Design']",,[],[],Immediate,"['Communication', 'Teamwork', 'Creativity', 'Attention to Detail', 'Collaboration']","['Social Media Management', 'Photography', 'Videography', 'Graphic Design', 'Content Creation', 'Visual Content Editing']",[],[],,"Grand Prairie, TX, USA"
3426467577,Licensed Mental Health Counselor/ Licensed Clinical Social Worker,"['Healthcare', 'Mental Health']","['Counselor', 'Social Worker']",Master's,"['Counseling', 'Social Work']",,[],[],Immediate,"['Teamwork', 'Communication', 'Supportiveness']",[],"['LSW', 'LAC', 'LCSW', 'LPC', 'LMFT']",[],,"Princeton, NJ, USA"
3431736996,Client Service Representative,"['Customer Service', 'Sales']","['Customer Service Representative', 'Sales Support', 'Event Management']",Not Specified,[],,[],[],Immediate,"['Communication', 'Teamwork', 'Attention to Detail', 'Prioritization']","['CRM Software', 'Event Rental Management', 'Salesforce (implied by CRM)']",[],[],,"Austin, TX, United States"
3438939828,Legal Assistant / Paralegal,"['Law', 'Legal Services']","['Paralegal', 'Legal Assistant', 'Legal Support Staff']",Bachelor's,"['Law', 'Legal Studies', 'Paralegal Studies']",,[],[],ASAP,"['Organization', 'Time Management', 'Communication', 'Writing', 'Client Interaction']","['Legal Research', 'Case Management Software', 'Pleadings Drafting', 'Discovery Management']","['Licensed Paralegal', 'Legal Assistant Certification']",[],,"Vineland, New Jersey, USA"
3438976411,Accounting Specialist,"['Finance', 'Healthcare']","['Accountant', 'Finance Professional']",Bachelor's,"['Accounting', 'Finance']",1.0,[],[],ASAP,"['Multi-tasking', 'Discretion', 'Teamwork', 'Communication', 'Independence']","['Microsoft Office', 'Excel', 'Enterprise Resource Planning (ERP) Software']",[],[],,"Kalispell, MT, USA"
3447180215,Client Relationship Specialist,"['Customer Service', 'Account Management']","['Graduate', 'Account Manager', 'Client Support Specialist']",Bachelor's,"['Business Administration', 'Customer Relationship Management']",3.0,[],[],ASAP,"['Communication', 'Problem-Solving', 'Teamwork', 'Adaptability', 'Time Management', 'Detail-Oriented', 'Self-Motivation', 'Client Relationship Management']","['Microsoft Excel', 'Web-based Programs', 'HIPAA Knowledge']",[],[],,United States
3452435884,Account Manager,"['Sales', 'Customer Success']","['Manager', 'Client-Facing Professional']",Bachelor's,"['Business Administration', 'Marketing', 'Communication']",,[],[],Immediate,"['Communication', 'Teamwork', 'Client Relationship Management']",[],[],[],,"White Plains, NY, USA"
3458210342,Clinical Trainee / Pre-Licensed Therapist,"['Healthcare', 'Mental Health']","['Trainee', 'Therapist']",Master's,"['Mental Health', 'Social Work']",,[],[],Immediate,"['Teamwork', 'Communication', 'Multiculturalism', 'Internal Self-Awareness', 'Leadership']","['Evidence-Based Practice', 'Didactic Training', 'Documentation', 'Clinical Supervision']","['LPCC', 'LMFT', 'LICSW', 'LGSW']",[],,"Eagan, Minnesota, United States"
3466187886,Owner,"['Construction', 'Project Management', 'Business Management']","['Project Manager', 'Business Owner', 'Manager']",Bachelor's,"['Construction Management', 'Business Administration', 'Landscape Architecture']",,[],[],Immediate,"['Communication', 'Interpersonal Skills', 'Leadership', 'Team Management', 'Client Relationship Management']","['Computer Proficiency', 'Smartphone Proficiency']",[],[],,"Columbus, Ohio, United States"
3475821770,Tax Associate,"['Finance', 'Accounting']","['Graduate Student', 'Accountant', 'Tax Advisor']",Master's,"['Accounting', 'Taxation', 'Business Administration']",,[],[],Immediate,"['Time Management', 'Prioritization', 'Teamwork', 'Communication']","['Tax Research', 'Financial Analysis', 'Technology Integration']",['CPA (Certified Public Accountant)'],[],,"Menlo Park, CA, United States"
3475933396,Senior Developer,"['Software Development', 'Information Technology']","['Developer', 'Software Engineer', 'Team Leader']",Bachelor's,"['Computer Science', 'Software Engineering', 'Information Technology']",10.0,[],[],ASAP,"['Communication', 'Teamwork', 'Conflict Resolution', 'Mentorship', 'Problem-Solving']","['ASP/ASP.NET', 'C#', 'MVC', 'Object-Oriented Design', 'VB/VB.NET', 'Agile/SCRUM', 'JavaScript/jQuery/jSON', 'Knockout.js', 'Angular.js', 'HTML 5', 'SQL Server', 'SQL/XML', 'Microsoft Technologies']",[],[],,"Greater Philadelphia, Pennsylvania, United States"
3478606637,Energy and Asset Coordinator,"['Engineering', 'Construction', 'Environmental Science']","['Engineer', 'Architect', 'Construction Professional']",Bachelor's,"['Engineering', 'Architecture', 'Construction Management', 'Environmental Science']",,[],[],Immediate,"['Communication', 'Teamwork', 'Attention to Detail', 'Time Management']","['Data Management', 'Complex Reporting', 'Energy Program Management', 'Facility Condition Assessment']",[],[],,"Raleigh, North Carolina, USA"
3478651125,Photonics Layout Intern,"['Engineering', 'Technology', 'Semiconductors']","['Intern', 'Student']",Bachelor's,"['Electrical Engineering', 'Computer Science', 'Physics']",0.0,[],[],ASAP,"['Communication', 'Interpersonal Skills', 'Teamwork']","['Python', 'Layout Design', 'Photonic Circuits']",[],[],,"San Diego, CA, USA"
3480552482,Summer Intern for Women International Company,"[""Women's Studies"", 'Leadership', 'Gender Equality']","['Student', 'Intern']",Bachelor's,"['Gender Studies', 'Leadership', 'Communications']",,['English'],['Advanced'],ASAP,"['Communication', 'Teamwork', 'Collaboration', 'Detail-Oriented']","['Digital Tools', 'Research', 'Content Creation', 'Social Media Management']",[],[],,United States
3483544074,Social Media Marketing Specialist Internship,"['Marketing', 'Communications', 'Business']","['Graduate Student', 'Marketing Intern']",Bachelor's,"['Marketing', 'Communications', 'Business Administration']",,[],[],Summer Internship (Specific start date not mentioned),"['Communication', 'Teamwork', 'Creativity', 'Attention to Detail', 'Organizational Skills']","['Social Media Management', 'Content Creation', 'SEO', 'Digital Marketing', 'Design Software (Canva)']",[],[],,"Finksburg, MD, USA"
3486250934,Chief Executive Officer,"['Business Management', 'Executive Leadership']","['Manager', 'Leader', 'Strategist']",Bachelor's or Master's,"['Business', 'Accounting', 'Finance']",10.0,[],[],Immediate,"['Leadership', 'Strategic Planning', 'Consensus Building', 'Communication', 'Team Management', 'Mentorship']","['Financial Analysis', 'Risk Management', 'Regulatory Compliance', 'Business Development', 'Hiring and Training', 'Brand Development', 'Marketing Strategy']",[],[],,United States
3487703305,Leasing & Property Management Specialist,"['Property Management', 'Real Estate', 'Customer Service']","['Specialist', 'Manager']",,[],1.0,[],[],Immediate,"['Communication', 'Interpersonal Skills', 'Teamwork', 'Customer Service', 'Organization', 'Time Management', 'Attention to Detail', 'Prioritization']","['Microsoft Office', 'Word', 'Excel', 'Outlook', 'Yardi']",[],[],,"San Diego, CA, USA"
3492110889,Group Fitness Instructor,"['Fitness', 'Health and Wellness']","['Instructor', 'Trainer']",Not specified,"['Exercise Science', 'Kinesiology', 'Health and Fitness']",0.0,[],[],ASAP,"['Customer Service', 'Communication', 'Motivation', 'Teamwork', 'Inclusivity']","['Group Exercise Instruction', 'Personal Training']","['Group Fitness Certification', 'Personal Training Certification']",[],,"Oklahoma City, Oklahoma, USA"
3499072207,Commercial Litigation Associate Attorney,"['Law', 'Legal Services']","['Attorney', 'Lawyer']",Bachelor's,"['Law', 'Legal Studies']",2.0,[],[],Immediate,"['Teamwork', 'Communication', 'Collaboration']",[],['Florida Bar'],[],,"Jacksonville, FL, USA"
3511440340,Assistant Director,"['Education', 'Childcare', 'Management']","['Early Childhood Education Leader', 'Manager', 'Administrator']",Bachelor's,"['Early Childhood Education', 'Child Development', 'Education Management']",2.0,[],[],Immediate,"['Communication', 'Leadership', 'Teamwork', 'Organization', 'Enthusiasm']",[],[],[],,"Kirkland, WA, United States"
3514667133,Marketing Manager,"['Marketing', 'Retail', 'Fashion']",['Manager'],Bachelor's,"['Marketing', 'Communications']",10.0,[],[],Immediate,"['Communication', 'Collaboration', 'Creative Thinking', 'Interpersonal Skills', 'Teamwork']","['Social Media Marketing', 'Email Marketing', 'Content Management Systems', 'Digital Marketing']",[],[],,"Fort Worth, TX, USA"
3514683108,Associate Brand Manager,"['Marketing', 'Brand Management']","['Manager', 'Marketing Specialist', 'Brand Strategist']",Bachelor's,"['Communications', 'Marketing', 'Business Administration']",5.0,[],[],Immediate,"['Analytical Thinking', 'Stakeholder Management', 'Leadership', 'Communication', 'Time Management', 'Problem-Solving', 'Interpersonal Skills', 'Initiative']","['Microsoft Office Suite', 'Brand Development', 'Technology Proficiency']",[],[],,"Waltham, MA, USA"
3515274431,Customer Success Manager,"['Customer Service', 'Management', 'Training']","['Manager', 'Trainer']",Bachelor's,"['Business', 'Management', 'Training and Development', 'HVAC Technology']",5.0,[],[],ASAP,"['Customer Obsession', 'Communication', 'Listening', 'Growth Mindset', 'Problem-Solving', 'Time Management', 'Adaptability', 'Teamwork', 'Leadership']","['Software Tools', 'HVAC Systems', 'Project Management', 'Training Development']",[],[],,United States
3520238337,Grants Writer - Subcontract,"['Writing', 'Research', 'Non-Profit']","['Writer', 'Researcher', 'Contractor']",Not specified,[],,[],[],Immediate,"['Communication', 'Teamwork', 'Attention to Detail', 'Time Management']","['Grant Proposal Writing', 'Prospect Research', 'Grant Submission Portals', 'Fluxx', 'CyberGrants', 'Grants.gov', 'JustGrants', 'SAMHSA']",[],"['Fluxx', 'CyberGrants', 'Grants.gov', 'JustGrants', 'SAMHSA']",,United States
3527189387,Retail Salesperson,"['Retail', 'Fashion']","['Sales Associate', 'Retail Professional']",High School Diploma,[],0.0,['English'],['Advanced'],ASAP,"['Interpersonal Skills', 'Customer Engagement', 'Teamwork', 'Reliability', 'Enthusiasm']","['Social Media Management', 'Marketing', 'Basic Math']",[],[],,"Maitland, FL, USA"
3530975184,Administrator of College & Career Development,"['Education', 'Social Work', 'Youth Development']","['Administrator', 'Manager', 'Leader']",Bachelor's,"['Education', 'Social Work', 'Counseling', 'Psychology']",3.0,[],[],ASAP,"['Communication', 'Teamwork', 'Collaboration', 'Leadership', 'Multiculturalism', 'Conflict Resolution', 'Trust-building', 'Partnership Development']","['Microsoft Office', 'Client Database Management', 'Data Evaluation']",[],[],,"Rochester, NY, USA"
3531344675,Eastern Regional Sales Coordinator,"['Sales', 'Business Development']","['Sales Coordinator', 'Sales Representative', 'Inside Sales Representative']",High School,[],3.0,[],[],Immediate,"['Communication', 'Teamwork', 'Time Management', 'Organizational Skills', 'Customer Service']","['Microsoft Office', 'Excel', 'Outlook', 'Word']",[],[],,"Neptune, NJ, USA"
3533320307,Java Architect / Lead Java Developer,"['Software Development', 'Computer Engineering']","['Engineer', 'Architect', 'Lead Developer']",Bachelor's,"['Computer Science', 'Software Engineering']",,[],[],ASAP,"['Communication', 'Teamwork', 'Leadership']","['Java', 'Microservices', 'REST API', 'Web Services', 'React.js', 'Typescript', 'UI Development', 'Redux', 'Micro Frontend']",[],[],,"Jersey City, NJ, USA"
3537193915,Field Operations Specialist,"['Hospitality', 'Operations Management']","['Manager', 'Technician', 'Hospitality Professional']",Bachelor's,"['Hospitality Management', 'Business Administration']",,[],[],ASAP,"['Communication', 'Teamwork', 'Problem-Solving', 'Decision-Making', 'Attention to Detail', 'Organizational Skills']","['Microsoft Word', 'Excel', 'Mac OS', 'iPhone Proficiency']",[],[],,"San Luis Obispo County, CA, USA"
3540371917,Enterprise Data & Analytics Infrastructure Manager,"['Data Science', 'Engineering Management']","['Engineer', 'Manager']",Master's,"['Computer Science', 'Data Engineering', 'Data Analytics']",,[],[],Immediate,"['Leadership', 'Team Management', 'Communication', 'Problem-Solving']","['Data Infrastructure Management', 'Analytics Platform Management', 'Cloud Computing', 'Security Protocols']",[],[],,"Cleveland, OH, USA"
3544166785,Heating Air Conditioning Technician,"['Engineering', 'HVAC']",['Technician'],Not specified,"['Electrical Engineering', 'HVAC Technology']",,[],[],Immediate,"['Teamwork', 'Communication', 'Problem-Solving', 'Attention to Detail', 'Customer Service']","['Troubleshooting', 'Preventive Maintenance', 'Electrical Work', 'HVAC Systems']","['EPA Compliance Certification', 'HVAC Certifications', 'HVAC Licenses']",[],,"San Antonio, TX, USA"
3547664337,Brand Representative,"['Sales', 'Business Development', 'Engineering']","['Sales Manager', 'Business Development Executive', 'Engineer']",Bachelor's,"['Plastics Engineering', 'Materials Science', 'Business Administration (MBA)']",,[],[],ASAP,"['Client Relationship Management', 'Negotiation', 'Interpersonal Communication', 'Teamwork', 'Proactivity', 'Independence']","['Thermoplastics', 'Engineering Thermoplastics Compounds (EP)', 'Polytron LFT', 'Global Industry Standards']",[],[],,United States
3548616699,Mental Health Therapist,"['Healthcare', 'Therapy']","['Therapist', 'Counselor']",Master's,"['Counseling', 'Psychology', 'Social Work']",1.0,[],[],Immediate,"['Communication', 'Empathy', 'Compassion', 'Professionalism', 'Teamwork']",[],"['LPC', 'LCSW', 'LMFTPA']",[],,"Aliquippa, PA, USA"
3550388220,Inbound Call Center Specialist,"['Customer Service', 'Telecommunications']","['Call Center Agent', 'Customer Service Representative', 'Support Specialist']",High School Diploma or GED,[],2.0,[],[],"June 18th, 2024","['Customer Service', 'Communication', 'Teamwork', 'Interpersonal Skills', 'Flexibility']","['Microsoft Office', 'Video Conferencing', 'Multi-tasking']",[],[],,"Richmond, VA, USA"
3551631423,Community Program Assistant,"['Community Services', 'Social Work']","['Administrative Assistant', 'Event Support']",High School Diploma,[],,['Spanish'],['Advanced'],Immediate,"['Teamwork', 'Communication', 'Customer Service', 'Interpersonal Skills', 'Rapport Building']","['Microsoft Office', 'Excel']",[],[],,"Irvine, CA, USA"
3555161614,User Experience Designer,"['Design', 'User Experience']","['Designer', 'User Experience Professional']",Bachelor's,"['User Experience Design', 'Visual Design', 'Human-Computer Interaction']",,[],[],ASAP,"['Communication', 'Collaboration', 'Problem-Solving', 'Teamwork']","['UI/UX Design Tools', 'Prototyping', 'Visual Design']",[],[],,"California, United States"
3564676727,Corporate Controller,"['Finance', 'Accounting']","['Manager', 'Financial Leader']",Bachelor's,"['Accounting', 'Finance', 'Business Administration']",,[],[],ASAP,"['Leadership', 'Analytical Skills', 'Attention to Detail', 'Communication', 'Collaboration']","['Accounting Software Proficiency', 'Financial Reporting', 'Budgeting and Forecasting']",[],[],,"Flourtown, PA, United States"
3566954493,CT Technologist,"['Healthcare', 'Medical Imaging']","['Technologist', 'Radiology Technician']",Bachelor's,"['Radiologic Technology', 'Medical Imaging']",1.0,[],[],ASAP,"['Teamwork', 'Attention to Detail', 'Communication']","['CT Scanning', 'Invasive Procedures', 'Post-Processing', 'Computer Literacy']","['ARRT (RT) (CT)', 'BLS']",[],,"Chattanooga, TN, USA"
3574102287,Administrative Assistant Bookkeeper,"['Administration', 'Bookkeeping']","['Office Assistant', 'Data Entry Operator', 'Bookkeeper']",BUT,"['Accounting', 'Business Administration']",,[],[],Immediate,"['Attention to Detail', 'Independence', 'Time Management']","['Data Entry', 'Notary Public (optional)']",['Notary Public (preferred)'],[],,"Columbus, Ohio, United States"
3578562287,Swahili Instructor,"['Education', 'Language Instruction']","['Teacher', 'Instructor']",Bachelor's,"['Education', 'Linguistics', 'African Studies']",,['Swahili'],['Advanced'],"July 1, 2024","['Communication', 'Interpersonal Skills', 'Passion for Cultural Education', 'Student-centered Approach']","['Curriculum Design', 'Language Instruction', 'Swahili Language Proficiency']",[],[],,"Baltimore, MD, USA"
3580530332,Elementary School Teacher,"['Education', 'Teaching']",['Teacher'],College degree,[],,[],[],Immediate,[],[],['Oklahoma Teacher Certification'],[],,"Lane, OK, United States"
3580545157,Industrial Business Development Manager,"['Business Development', 'Sales', 'Industrial Management']","['Manager', 'Business Developer', 'Sales Professional']",Bachelor's,"['Business Administration', 'Industrial Management', 'Sales and Marketing']",,[],[],ASAP,"['Communication', 'Interpersonal Skills', 'Teamwork', 'Negotiation', 'Leadership']","['CRM Software', 'Microsoft Office Suite']",[],[],,"Phoenix, Arizona, United States"
3581219846,Private Fitness Instructor,"['Fitness', 'Health', 'Wellness']","['Instructor', 'Trainer']",Bachelor's,"['Kinesiology', 'Exercise Science', 'Physical Education']",3.0,[],[],Immediate,"['Communication', 'Interpersonal Skills', 'Positive Reinforcement', 'Teamwork']","['Personal Training', 'Pilates', 'Athletic Training', 'CPR/AED', 'Scheduling Software']","['Personal Training Certification', 'Pilates Certification', 'CPR/AED Certification']",[],,"Washington, DC, United States"
3582587683,Accounts Analyst,"['Finance', 'Accounting']",['Analyst'],Bachelor's,"['Accounting', 'Finance']",,[],[],Immediate,"['Communication', 'Teamwork', 'Detail-oriented', 'Organizational Skills', 'Customer Service']",['Microsoft Excel'],[],[],,"Indiana, PA, United States"
3583960568,Sales and Application Engineer,"['Engineering', 'Sales', 'Business Development']","['Engineer', 'Sales Engineer', 'Application Engineer']",Bachelor's,"['Engineering', 'Electrical Engineering', 'Electronics', 'Automation']",3.0,[],[],Immediate,"['Communication', 'Presentation Skills', 'Negotiation', 'Problem-Solving', 'Strategic Thinking', 'Creativity', 'Accountability', 'Time Management', 'Customer Relationship Management']","['CAD', 'Visio', 'PLC Programming', 'HMI Design', 'Microsoft Office', 'CRM Software']",[],[],,"Louisiana, United States"
3586167732,Senior Software Engineer,"['Software Engineering', 'Product Development', 'Digital Marketing']","['Engineer', 'Software Developer']",Bachelor's,"['Computer Science', 'Software Engineering', 'Information Technology']",8.0,[],[],Immediate,"['Collaboration', 'Entrepreneurial Mindset', 'Leadership', 'Communication', 'Teamwork']","['Typescript', 'Javascript', 'Golang', 'Kafka', 'PostgreSQL', 'Cloud Computing (GCP)']",[],"['GCP', 'Hackerrank', 'LinkedIn']",,"San Francisco, California, United States"
3586242087,Director of Sales,"['Sales', 'Business Development', 'Oil & Gas']","['Manager', 'Leader']",Bachelor's,"['Business', 'Management', 'Oil & Gas Engineering']",,[],[],ASAP,"['Communication', 'Interpersonal Skills', 'Relationship Building', 'Negotiation', 'Strategic Thinking', 'Problem-Solving']","['CRM Software', 'Sales Analytics']",[],[],,"Tampa, FL, USA"
3592392532,Drone-Car Engineer,"['Engineering', 'Aerospace', 'Automotive', 'Robotics']",['Engineer'],Bachelor's,"['Engineering', 'Computer Science', 'Aerospace Engineering']",,[],[],ASAP,"['Communication', 'Collaboration', 'Attention to Detail', 'Problem-Solving', 'Analytical Skills', 'Teamwork']","['Drone Systems', 'Robotics', 'UAV Technology', 'Programming', 'Software Development', 'Autonomous Systems']",[],[],,"Trenton, NJ, USA"
3592869068,2L 2025 Summer Law Clerk,"['Law', 'Legal Services', 'Public Interest']","['Law Clerk', 'Legal Assistant', 'Legal Intern']",Bachelor's,"['Law', 'Legal Studies', 'Public Policy']",,[],[],ASAP,"['Writing Skills', 'Communication', 'Diversity and Inclusion']",[],['Licensed to Practice Law'],[],,"San Francisco, CA, United States"
3594311833,Marketing Manager,"['Marketing', 'Sports Technology']","['Graduate Student', 'Engineer', 'Manager']",Bachelor's,"['Marketing', 'Sports Management', 'Data Analytics']",2.0,[],[],Immediate,"['Communication', 'Teamwork', 'Passion for Sports', 'Leadership']","['Digital Marketing', 'Social Media Management', 'Content Creation', 'Hubspot (preferred)']",[],[],,United States
3594710940,"Scientific Project Manager for Food, Beverage, and Consumer Packaged Goods Industries (Project Architect | PA)","['Food Science and Technology', 'Process Engineering', 'Clinical Nutrition and Dietetics', 'Biochemistry', 'Consumer Psychology', 'Market Research', 'Supply Chain Management', 'Logistics', 'Regulatory Affairs', 'Food Law', 'Biotechnology', 'Fermentation Science', 'Chemical Engineering']","['Consultant', 'Project Manager', 'Analyst', 'Leader']",Master's or PhD,"['Food Science', 'Technology', 'Process Engineering', 'Clinical Nutrition', 'Biochemistry', 'Consumer Psychology', 'Market Research', 'Supply Chain Management', 'Logistics', 'Regulatory Affairs', 'Food Law', 'Biotechnology', 'Fermentation Science', 'Chemical Engineering']",1.0,['English'],['Fluent'],Immediate,"['Curiosity', 'Self-Motivation', 'Organization', 'Time Management', 'Problem-Solving', 'Communication', 'Interpersonal Skills', 'Writing Skills', 'Commitment to Excellence', 'Integrity']",[],[],[],,United States
3599918756,Maintenance Manager,"['Engineering', 'Management']","['Engineer', 'Manager']",Bachelor's,"['Electrical Engineering', 'Mechanical Engineering', 'Automation']",10.0,[],[],Immediate,"['Communication', 'Leadership', 'Team Management', 'Problem-Solving', 'Interpersonal Skills']","['Electrical Systems', 'Mechanical Systems', 'HVAC Systems', 'Automation', 'Project Management', 'Microsoft Office Suite']",[],[],,"Fond du Lac, WI, USA"
3606129051,Primary Care Leader Needed,"['Healthcare', 'Management']","['Medical Director', 'Healthcare Leader', 'Manager']",Medical Degree,"['Medicine', 'Healthcare Administration', 'Leadership']",,[],[],Immediate,"['Leadership', 'Collaboration', 'Problem-Solving', 'Decision-Making', 'Teamwork']","['Healthcare Management', 'Patient Care Coordination', 'Healthcare Process Improvement']","['DEA Certification', 'Medical Board Certification', ""Driver's License""]",[],,"Fresno, CA, United States"
3606634863,Child Custody Recommending Counselor,"['Social Work', 'Psychology', 'Family Counseling']","['Counselor', 'Psychotherapist']",Master's,"['Social Work', 'Psychology', 'Marriage, Family and Child Counseling', 'Behavioral Science']",2.0,[],[],ASAP,"['Communication', 'Interpersonal Skills', 'Decision-Making']",[],[],[],,"Placerville, CA, United States"
3609090859,Field Director,"['Community Organizing', 'Political Science', 'Non-Profit']","['Manager', 'Community Organizer', 'Campaign Manager']",Bachelor's,"['Political Science', 'Social Work', 'Public Policy']",2.0,"['English', 'Spanish']","['Advanced', 'Advanced']",Immediate,"['Leadership', 'Team Management', 'Conflict Resolution', 'Interpersonal Skills', 'Communication', 'Motivation', 'Problem-Solving', 'Attention to Detail', 'Diplomacy', 'Time Management', 'Flexibility']","['Microsoft Excel', 'Microsoft Word', 'Google Docs', 'Google Sheets', 'Database Management', 'Online Tools']",[],[],,"Phoenix, AZ, United States"
3610032286,Sales Development Representative,"['Sales', 'Business Development']","['Salesperson', 'Business Development Representative']",Not specified,[],,[],[],Immediate,"['Communication', 'Teamwork', 'Relationship Building', 'Persuasion', 'Cold Calling']","['Salesforce CRM', 'Social Media Proficiency', 'Email Marketing']",[],[],,"Oregon, United States"
3610591138,Ophthalmic Technician,"['Healthcare', 'Ophthalmology']","['Ophthalmologist', 'Ophthalmic Technician', 'Medical Professional']",Doctorate,"['Medicine', 'Ophthalmology']",,[],[],Immediate,"['Compassion', 'Flexibility', 'Self-Motivation', 'Interpersonal Communication', 'Leadership']","['Ophthalmic Surgical Techniques', 'Diagnostic Test Interpretation', 'Clinical Judgment']","['Board Certification (MD or DO)', 'DEA Certification']",[],,"Fairbanks, AK, United States"
3610596223,Commercial Auto Underwriter Assistant,"['Insurance', 'Underwriting']","[""Underwriter's Assistant"", 'Insurance Assistant']",Bachelor's,"['Insurance', 'Business', 'Finance']",,[],[],Immediate,"['Teamwork', 'Communication', 'Attention to Detail', 'Analytical Skills', 'Interpersonal Skills']","['Microsoft Office Suite', 'Word Processing', 'Data Analysis']",['P&C License'],[],,"Texas, United States"
3614817348,Tool and Die Maker,"['Manufacturing', 'Engineering']","['Technician', 'Machinist']",High School Diploma,"['Mechanical Engineering', 'Manufacturing Technology']",5.0,[],[],Immediate,"['Attention to Detail', 'Problem-Solving', 'Communication']","['Machining', 'ProtoTRAK Programming', 'Tool and Die Making', 'Blueprint Reading']",[],[],,"Cincinnati, Ohio, USA"
3619548798,Senior Mechanical Engineer,"['Engineering', 'Robotics']",['Engineer'],Bachelor's or Master's,['Mechanical Engineering'],5.0,[],[],ASAP,"['Teamwork', 'Communication', 'Mentorship', 'Leadership', 'Interpersonal Skills', 'Project Management']","['Mechanical Design', '3D CAD', 'SolidWorks', 'Motion Control Systems', 'ASME and ISO Drafting Standards', 'DFM/A', 'Statistical Tolerance Analysis', 'Failure Avoidance Methods', 'DFMEA/PFMEA', 'Fault Tree Analysis', 'Technical Writing']",[],[],,"Redwood City, CA, United States"
3625991523,DDI Engineer,"['Information Technology', 'Network Engineering']","['Engineer', 'Network Specialist']",Bachelor's,"['Computer Science', 'Information Technology', 'Networking', 'Cybersecurity']",7.0,[],[],Immediate,"['Teamwork', 'Communication', 'Interpersonal Skills', 'Collaboration', 'Problem-Solving']","['Infoblox DNS/DHCP Servers', 'Infoblox Grid Manager', 'Infoblox API', 'Infoblox Threat Intelligence Data Exchange (TIDE)', 'Python or Perl scripting', 'DNS protocols', 'DNSSEC', 'DHCP', 'IPAM', 'TCP/IP', 'UDP', 'DNS over TLS (DoT)', 'DNS over HTTPS (DoH)']","['Infoblox Certified Implementation Engineer (ICIE)', 'Infoblox Certified Core Administrator (ICA)']",[],,"Jersey City, NJ, USA"
3626110567,Mechanical Design Engineer,"['Engineering', 'Mechanical Engineering']",['Engineer'],Bachelor's or Master's,['Mechanical Engineering'],5.0,[],[],Immediate,"['Teamwork', 'Communication', 'Analytical Skills', 'Interpersonal Skills', 'Motivation', 'Self-Motivation']","['Microsoft Office Suite', 'Autodesk Vault', 'Solidworks PDM', '2-D CAD', 'Engineering Process Improvement', 'Machine Design', 'Hydraulics', 'Pneumatics', 'Code Compliance', 'Tolerance Stack-ups']",[],[],,"Cedar Rapids, Iowa, United States"
3627141928,Quality Engineer,"['Engineering', 'Quality Assurance']",['Engineer'],Bachelor's,"['Engineering', 'Quality Management']",,[],[],ASAP,"['Teamwork', 'Communication', 'Problem-Solving']","['Statistical Analysis', 'Design of Experiments', 'Quality Control Tools']",[],[],,"New Albany, IN, USA"
3629278196,Sales Representative,"['Sales', 'Marketing']","['Sales Superstar', 'Sales Professional']",Not specified,[],,[],[],Immediate,"['Communication', 'Persuasion', 'Customer Engagement']",[],[],[],,United States
3629278197,Senior Data Analyst,"['Data Science', 'Analytics']","['Data Analyst', 'Data Scientist']",Master's,"['Computer Science', 'Statistics', 'Data Science']",5.0,['English'],['Advanced'],ASAP,"['Communication', 'Problem-Solving', 'Attention to Detail']","['SQL', 'Python', 'Data Visualization Tools (e.g., Tableau, Power BI)']","['Certified Data Professional (CDP)', 'Certified Analytics Professional (CAP)']",,,"Seattle, Washington, USA"
J0001,Data Science Engineer,"['Data Science', 'Engineering']","['Engineer', 'Data Specialist']",Master's,"['Computer Science', 'Data Science', 'Statistics']",3.0,"['English', 'French']","['Advanced', 'Intermediate']",ASAP,"['Problem-Solving', 'Communication', 'Collaboration']","['Python', 'Machine Learning', 'Data Visualization', 'Cloud Computing (AWS)']","['AWS Certified Machine Learning - Specialty', 'Certified Scrum Master']",,,"Montreal, Quebec, Canada"
